ran_effects.lib_prob,ran_effects.con_prob,ran_effects.ndp_prob,ran_effects.blc_prob,ran_effects.grn_prob,ran_effects.ppl_prob,mixed_effects.lib_prob,mixed_effects.con_prob,mixed_effects.ndp_prob,mixed_effects.blc_prob,mixed_effects.grn_prob,mixed_effects.ppl_prob,fixed_effects.lib_prob,fixed_effects.con_prob,fixed_effects.ndp_prob,fixed_effects.blc_prob,fixed_effects.grn_prob,fixed_effects.ppl_prob
0.3670625024134749,0.32828423664128237,0.15708233822550183,0.050474450338706824,0.07645332419216003,0.020643148188874066,0.38211297273376127,0.3238411351583438,0.14791844798773743,0.04571320467010702,0.08015516809005599,0.020259071359994506,0.38170639925122896,0.3242686792849757,0.14978734382765632,0.04326635254122255,0.08026499026966286,0.02070623482525364
