ran_effects.lib_prob,ran_effects.con_prob,ran_effects.ndp_prob,ran_effects.blc_prob,ran_effects.grn_prob,ran_effects.ppl_prob,mixed_effects.lib_prob,mixed_effects.con_prob,mixed_effects.ndp_prob,mixed_effects.blc_prob,mixed_effects.grn_prob,mixed_effects.ppl_prob,fixed_effects.lib_prob,fixed_effects.con_prob,fixed_effects.ndp_prob,fixed_effects.blc_prob,fixed_effects.grn_prob,fixed_effects.ppl_prob
0.37358184405753836,0.306704266547688,0.15820516588994354,0.056300327792099036,0.08314754291341234,0.017697276313232757,0.3820037745999879,0.32355064645035303,0.14232044760587514,0.05118276550422623,0.0799057146490879,0.016673074704383808,0.3906704144379937,0.3297584528199107,0.14114870991440095,0.03849959957375604,0.07823707761414007,0.01732216915371256
