vote_choice,national_proportions
0,0.3728813559322034
1,0.3126177024482109
2,0.16290018832391714
3,0.051789077212806026
4,0.08380414312617702
5,0.0160075329566855
